####################################################################
#
#	Aramaic
#	 - Assyrian* 
#    - Syriac (Plus culture)
#
#	* indicates a vanilla culture moved to a different group
#
####################################################################

aramaic = {
	alternate_start = {
		NOT = {
			has_alternate_start_parameter = {
				key = special_culture
				value = animal_world
			}
		}
	}

	graphical_cultures = { muslimgfx }

	assyrian = {
		graphical_cultures = { levantinegfx persiangfx }
		secondary_event_pictures = bedouin_arabic

		color = { 0.4 0.3 0.6 }

		male_names = {
			Aba_Abba Abahu_Abahu Abaya_Abaya Abaye_Abaya Abayi_Abaya Abba_Abba Abdima 'Abdisho' Abgar Abimalek Abraham_Abraham Abris Abrisius_Abrisius Acacius_Acacius Achan Achina Addai_Thaddeus Adlai Aggai Ahai_Ahha Ahadabui Ahha_Ahha "Akha d'abuh'" Akh-es-Samain Aqib-Alaha Asa_Asa Ashur_Asher Avahu Avda_Abahu Avdima_Avdima Avdimi_Avdima Avina Avira Azai
			Babaeus_Babaeus Babai_Babaeus Babowai_Babaeus Babwahi_Babaeus Bar Bar-Abba Barba'shimin Bar-Nabha Bar-Talmai Bar-Timai Bar-Tolmai Bustan_Bustan 
			Caiaphas Cephas_Peter Cephus_Peter Chadlai Chama Chanin_Chanin Chanina_Chanin Chaninai_Chanin Chinena_Chanin
			Chozai_Chozai Chuma Chunya_Chunya Clopas
			Dadisho' Denha Dikla_Dikla Diklah_Dikla Dimi Dinkha Dunanu
			Elisha'_Elisha Eliya Emmanuel_Emmanuel Enosh Ezekiel_Ezekiel
			Farbokht_Farbokht Foma
			Giwargis_George Grwgari_Gregory
			Hanina_Chanin Hnanisho' Hozai_Chozai
			Idan Idra Ila Isaac_Isaac Isho' Isho'yahb Israel_Israel
			Kaiapha Karna Katsiu Kelaya
			Laszio_Lazarus Lazar_Lazarus Lazare_Lazarus Lazaro_Lazarus Lazaros_Lazarus Lazarus_Lazarus Lazarz_Lazarus Lazer_Lazarus Lebbaeus
			Maadai Macabee_Macabee Maccabee_Macabee Magna_Ma'na Makkikha Maluch Ma'na_Ma'na Marabokht_Farbokht Maremmeh Mari Mikha'il_Michael Moqli Muna
			Nahir_Nahir Nahor_Nahir Nahur_Nahir Narsai Nazuk Nechunya_Chunya Nehor_Nahir Nehorai Niv Nun Nur
			Oran_Nahir
			Pappa Paul_Paul Pethion Petros_Peter Petuel
			Qaligh Qayyoma
			Raca_Raka Rachim_Chanin Rahim_Chanin Raka_Raka Raz Raziel_Raphael Rubil
			Saad Saba_Saba Sabah_Saba Sabba'e_Saba Sabrisho'_Sabrisho' Sabr-Ishu_Sabrisho' Salu Samal Sami_Sami Samiy_Sami Sagi_Sagi Sargis Sava_Saba Sawma Shafer Shahdost Shahlufa Shai Shalmai Shama Shamir Shammai Shemaiah Shem'on_Simon Sheraga_Sheraga Shila Shovai Shraga_Sheraga Sima Sliba-zkha Surin
			Tabbai Taddai_Thaddeus Talia_Talia Taliah_Talia Talmai_Bartholomew Talya_Talia Tam_Thomas Tam'as_Thomas Ta'mhas_Thomas Targhal Tauma Tavi_Tavi Tavish_Tavi Tevis_Tavis Th'amhais_Thomas Thoma_Thomas Timai_Timothy Tiv Toba Todos Tolmai_Bartholomew Tomarsa_Tomarsa Tamuza_Tomarsa Tulmay_Bartholomew
			Ukba
			Yahballaha Yanai Ya'qob_Jacob Yeshua_Joshua Yohannan_John Yosip_Joseph Yousef_Joseph Yunanis_John
			Zerika
		}

		female_names = {
			Adva Alya Anena Anina 
			Bustan_Bustan 
			Chanina Chasina Chayuta_Chayuta China_Hina Chiyuta_Chayuta 
			Dikla_Dikla Diklah_Dikla Diklit_Dikla Duvsha 
			Hanina_Chanin Hasna Hayuta_Chayuta Hina_Hina 
			Ketina Kitra
			Magdala Mahalia_Mahalia Mahalie_Mahalia Marfa_Martha Mariam_Maria Marta_Martha Marte_Martha Martha_Martha Marthe_Martha Marti_Martha Martita_Martha Mehalia_Mahalia Meiriona_Meirona Meirona_Meirona Morta_Martha
			Nahara_Nura Nura_Nura 
			Raz Reuma 
			Saba_Saba Sabah_Saba Samantha Sameah_Sami Samee_Sami Sameea_Sami Samiya_Sami Samiyah_Sami Samiyya_Sami Samya_Sami Sava_Saba Shapira Sima 
			Tabatha_Tabitha Tabby_Tabitha Tabetha_Tabitha Tadea_Thaddea Talia_Talia Taliah_Talia Talya_Talia Talitha Tam_Thomasa Tamasin_Thomasa Tami_Thomasa Tammy_Thomasa Tamsin_Thomasa Tamsyn_Thomasa Tamzin_Thomasa Thaddea_Thaddea Thomasa_Thomasa 
			Zeita_Zeta Zeta_Zeta
		}

		from_dynasty_prefix = "el "

		male_patronym = "Bar "
		female_patronym = "Barta "
		prefix = yes

		modifier = default_culture_modifier
	}

    syriac = {
		graphical_cultures = { levantinegfx persiangfx }
		secondary_event_pictures = bedouin_arabic

		color = { 0.5 0.4 0.4 }
                      
        male_names = {
            Aba_Abba Abahu_Abahu Abaya_Abaya Abaye_Abaya Abayi_Abaya Abba_Abba Abdima 'Abdisho' Abgar Abimalek Abraham_Abraham Abris Abrisius_Abrisius Acacius_Acacius Achan Achina Addai_Thaddeus Adlai Aggai Ahai_Ahha Ahadabui Ahha_Ahha "Akha d'abuh'" Akh-es-Samain Aqib-Alaha Asa_Asa Ashur_Asher Avahu Avda_Abahu Avdima_Avdima Avdimi_Avdima Avina Avira Azai
			Bar Bar-abba Bar-nabha Bar-talmai Bar-timai Bar-tolmai 
			Chama Chanin Chanina Chaninai Chinena Chunya 
			Dadisho' Denha Dikla_Dikla Diklah_Dikla Dimi Dinkha Dunanu
			Elisha'_Elisha Eliya Emmanuel_Emmanuel Enosh Ezekiel_Ezekiel
			Farbokht_Farbokht Foma
			Giwargis_George Grwgari_Gregory
			Hanina Idan Hnanisho' Hozai_Chozai
			Idan Idra Ila Isaac_Isaac Isho' Isho'yahb Israel_Israel
			Kaiapha Karna Katsiu
			Laszio_Lazarus Lazar_Lazarus Lazare_Lazarus Lazaro_Lazarus Lazaros_Lazarus Lazarus_Lazarus Lazarz_Lazarus Lazer_Lazarus Lebbaeus
			Maadai Macabee_Macabee Maccabee_Macabee Magna_Ma'na Makkikha Maluch Ma'na_Ma'na Marabokht_Farbokht Maremmeh Mari Mikha'il_Michael Moqli Muna
			Nahir_Nahir Nahor_Nahir Nahur_Nahir Narsai Nazuk Nechunya_Chunya Nehor_Nahir Nehorai Niv Nun Nur
			Oran_Nahir 
			Qaligh Qayyoma
			Pappa Paul_Paul Pethion Petros_Peter Petuel
			Raca Rachim Rahim Raka Raz 
			Saba Sabah Sami Sagi Sava Shai Shama Sheraga Shraga Sima 
			Tabbai Taddai_Thaddeus Talia_Talia Taliah_Talia Talmai_Bartholomew Talya_Talia Tam_Thomas Tam'as_Thomas Ta'mhas_Thomas Targhal Tauma Tavi_Tavi Tavish_Tavi Tevis_Tavis Th'amhais_Thomas Thoma_Thomas Timai_Timothy Tiv Toba Todos Tolmai_Bartholomew Tomarsa_Tomarsa Tamuza_Tomarsa Tulmay_Bartholomew
			Ukba 
			Yahballaha Yanai Ya'qob_Jacob Yeshua_Joshua Yohannan_John Yosip_Joseph Yousef_Joseph Yunanis_John
			Zerika
        }
        female_names = {
          	Adva Alya Anena Anina 
			Bustan_Bustan 
			Chanina Chasina Chayuta_Chayuta China_Hina Chiyuta_Chayuta 
			Dikla_Dikla Diklah_Dikla Diklit_Dikla Duvsha 
			Hanina_Chanin Hasna Hayuta_Chayuta Hina_Hina 
			Ketina Kitra
			Magdala Mahalia_Mahalia Mahalie_Mahalia Marfa_Martha Mariam_Maria Marta_Martha Marte_Martha Martha_Martha Marthe_Martha Marti_Martha Martita_Martha Mehalia_Mahalia Meiriona_Meirona Meirona_Meirona Morta_Martha
			Nahara_Nura Nura_Nura 
			Raz Reuma 
			Saba_Saba Sabah_Saba Samantha Sameah_Sami Samee_Sami Sameea_Sami Samiya_Sami Samiyah_Sami Samiyya_Sami Samya_Sami Sava_Saba Shapira Sima 
			Tabatha_Tabitha Tabby_Tabitha Tabetha_Tabitha Tadea_Thaddea Talia_Talia Taliah_Talia Talya_Talia Talitha Tam_Thomasa Tamasin_Thomasa Tami_Thomasa Tammy_Thomasa Tamsin_Thomasa Tamsyn_Thomasa Tamzin_Thomasa Thaddea_Thaddea Thomasa_Thomasa 
			Zeita_Zeta Zeta_Zeta
        }

        from_dynasty_prefix = "el "

        male_patronym = "Bar "
		female_patronym = "Barta "
		prefix = yes

		modifier = default_culture_modifier
	}
}